﻿<ProductSetting>
  <Product>
    <IPAddress>174.143.166.178</IPAddress>
    <Username>AIC10</Username>
    <Password></Password>
    <remoteapplicationcmdline>X:\\ARIA27\\SYSFILES\\</remoteapplicationcmdline>
    <remoteapplicationname>Aria Report Writer</remoteapplicationname>
    <remoteapplicationprogram>Aria Report Writer</remoteapplicationprogram>
    <remoteapplicationmode>1</remoteapplicationmode>
    <alternateshell>Aria Report Writer</alternateshell>
  </Product>
</ProductSetting>